Well_ID,Region,Operator,Production_BBL_per_day,Gas_MCF_per_day,Water_Cut_Percent,Downtime_Hours_Last_30_Days,Last_Inspection_Days_Ago,Pressure_PSI,Temperature_Celsius,Maintenance_Flag,CPI_Clause_Applied,Revenue_Mismatch_Flag,Emissions_Exceeded_Limit
WELL_0000,Bakken,Operator_C,329.66,1273.14,68.15,10,115,3260.64,114.85,0,0,0,1
WELL_0001,Montney,Operator_A,494.45,1030.78,59.64,8,142,3678.74,92.65,0,1,0,0
WELL_0002,Permian,Operator_A,538.41,815.91,63.23,11,179,3678.59,102.75,0,1,0,0
WELL_0003,Bakken,Operator_C,496.73,1461.74,54.21,6,107,3865.92,88.48,0,0,0,0
WELL_0004,Bakken,Operator_A,293.26,1395.06,18.31,8,52,3418.06,95.33,0,0,0,0
WELL_0005,Montney,Operator_C,491.09,1170.25,45.88,11,127,3642.46,98.39,0,0,0,0
WELL_0006,Permian,Operator_B,369.55,1753.99,78.85,12,179,3956.33,102.18,0,0,0,0
WELL_0007,Permian,Operator_A,566.97,878.97,75.3,12,157,3376.47,100.57,1,1,0,0
WELL_0008,Bakken,Operator_B,536.66,742.34,8.24,8,160,3192.99,98.72,0,0,0,0
WELL_0009,Eagle Ford,Operator_C,406.01,992.43,17.36,9,56,3124,86.85,0,0,0,0
WELL_0010,Bakken,Operator_B,448.61,1186.32,14.88,15,51,3642.54,84.28,0,0,0,0
WELL_0011,Bakken,Operator_B,394.08,1273,59.45,8,136,3123.37,93.33,0,1,0,0
WELL_0012,Bakken,Operator_C,493.73,1127.63,66.33,9,110,3425.54,99.33,1,1,0,0
WELL_0013,Bakken,Operator_B,595.51,1305.62,21.01,12,0,3587.46,87.77,1,0,0,0
WELL_0014,Montney,Operator_B,401.43,824.54,42.94,9,43,3537.04,100.65,0,0,0,0
WELL_0015,Permian,Operator_C,550.4,1633.13,68.05,9,74,3585.09,104.53,0,1,0,0
WELL_0016,Montney,Operator_B,446.97,1175.35,59.96,15,97,3544.46,80.84,1,1,0,0
WELL_0017,Montney,Operator_C,420.71,1535.19,45.67,6,8,3755.77,81.63,1,0,0,0
WELL_0018,Montney,Operator_B,489.3,1302.82,49.28,11,31,3309.54,88.6,0,0,0,0
WELL_0019,Bakken,Operator_C,396.48,1337.03,43.13,8,14,3364.6,93.08,0,0,1,0
WELL_0020,Eagle Ford,Operator_C,444.64,1370.93,27.32,9,139,3345.47,84.75,0,0,0,0
WELL_0021,Permian,Operator_B,380.21,1334.31,47.38,12,135,3666.04,103.52,1,0,0,1
WELL_0022,Eagle Ford,Operator_B,696.47,1392.82,56.67,9,71,3680.08,94.24,0,1,0,1
WELL_0023,Montney,Operator_B,503.53,1598.75,70.5,12,154,3590.25,90.39,0,0,0,0
WELL_0024,Montney,Operator_A,430.03,1258.96,52.72,10,11,3736.7,75.64,0,1,0,0
WELL_0025,Eagle Ford,Operator_A,521.4,1412.7,62.08,9,64,3264.39,76.84,0,0,0,0
WELL_0026,Eagle Ford,Operator_A,488.77,1173.08,17.01,6,106,3833.44,92.81,0,1,0,1
WELL_0027,Eagle Ford,Operator_C,477.9,1632.04,39.62,13,41,3804.65,68.67,1,1,0,1
WELL_0028,Montney,Operator_B,561.42,997.08,5.7,8,114,3647.12,100.13,0,0,0,0
WELL_0029,Montney,Operator_C,575.75,1740.28,23.5,8,138,3856.36,88.42,0,0,0,0
WELL_0030,Permian,Operator_A,446.95,1187.95,59.48,11,102,3168.68,122.43,0,1,1,0
WELL_0031,Permian,Operator_B,442.42,770.77,79.39,18,170,3395.11,113.08,0,0,0,0
WELL_0032,Montney,Operator_C,472.49,1238.43,12.44,9,94,3352.94,88.19,0,0,0,0
WELL_0033,Eagle Ford,Operator_B,269.81,995.68,35.11,10,16,3644.3,88.94,0,0,0,0
WELL_0034,Eagle Ford,Operator_C,348.48,1452.19,65.01,10,159,3289.97,99.96,0,1,0,1
WELL_0035,Permian,Operator_B,636.69,1004.21,20.3,9,84,3651.5,107.03,0,0,0,0
WELL_0036,Montney,Operator_A,664.5,1066.14,46.63,7,167,3774.11,73.62,0,1,0,0
WELL_0037,Permian,Operator_A,475.1,633.14,59.98,10,150,3639.04,72.14,0,0,0,1
WELL_0038,Permian,Operator_B,557.66,1064.31,51.2,11,55,3556.75,83.78,1,1,0,1
WELL_0039,Bakken,Operator_C,531.13,472.84,19.1,9,133,3302.43,95.83,1,0,0,0
WELL_0040,Bakken,Operator_A,807.89,724.83,31.65,10,85,3330.63,94.97,0,1,0,0
WELL_0041,Bakken,Operator_A,611.96,1428.12,63.78,11,177,3749.92,100.7,0,0,0,0
WELL_0042,Eagle Ford,Operator_A,487.21,1435.74,46.57,11,101,3655.87,78,1,1,0,0
WELL_0043,Montney,Operator_B,404.45,1327.64,5.39,9,164,3492.2,66.84,0,1,0,1
WELL_0044,Montney,Operator_B,339.36,909.91,62.07,10,53,3416.42,98.58,1,0,0,1
WELL_0045,Montney,Operator_C,520.35,1185.69,7.65,15,176,3094.84,81.72,1,0,0,0
WELL_0046,Montney,Operator_C,424.36,1198.92,60.93,10,114,3285.83,69.82,0,0,0,0
WELL_0047,Bakken,Operator_C,357.77,852.49,20.19,6,138,3882.28,91.45,0,0,0,0
WELL_0048,Eagle Ford,Operator_B,435.34,1651.02,76.86,6,87,3243.91,97.93,1,1,0,1
WELL_0049,Eagle Ford,Operator_B,391.85,1463.21,32.6,8,48,3537.9,88.78,0,0,0,0
WELL_0050,Bakken,Operator_C,668.71,1133.71,29.52,16,148,3701.49,85.42,0,0,0,0
WELL_0051,Eagle Ford,Operator_C,588.16,1208.07,16.17,10,114,3249.02,88.41,0,1,1,0
WELL_0052,Bakken,Operator_B,499.2,1262.51,27.92,11,62,3536.94,86.29,0,0,0,0
WELL_0053,Montney,Operator_C,647.99,587.48,70.75,8,103,3687.58,76.52,0,0,0,0
WELL_0054,Bakken,Operator_A,507.74,1125.85,79.73,13,82,3502.5,82.85,0,0,0,0
WELL_0055,Montney,Operator_B,413.87,995.4,32.62,10,102,4073.68,95.21,1,1,0,1
WELL_0056,Montney,Operator_C,652.31,899.51,38.65,13,155,3166.28,93.22,0,1,0,1
WELL_0057,Permian,Operator_B,553.89,1115.67,59.16,7,16,3711.75,91.68,0,1,0,0
WELL_0058,Bakken,Operator_A,396.28,1739.31,71.46,14,5,3465.44,80.05,0,0,1,0
WELL_0059,Permian,Operator_B,480.97,1392.25,49.48,9,146,3654.38,88.18,0,1,1,0
WELL_0060,Bakken,Operator_B,412.44,1028.65,34.36,12,27,3588.26,68.23,0,0,0,0
WELL_0061,Bakken,Operator_B,361.72,1371.77,35.95,12,37,3353.37,91.78,1,0,0,0
WELL_0062,Permian,Operator_B,592.62,1619.81,57.17,8,118,3545.8,104.29,1,0,1,1
WELL_0063,Permian,Operator_A,690.94,1477.39,5.24,13,36,3128.42,75.26,0,0,0,0
WELL_0064,Bakken,Operator_B,360.14,1217.89,51.47,8,114,3620.65,84.14,0,0,0,0
WELL_0065,Eagle Ford,Operator_B,556.3,1005.92,31.66,12,67,3559.63,93.29,0,0,0,1
WELL_0066,Montney,Operator_C,434.94,1409.47,64.56,11,176,3627.73,102.53,0,0,0,1
WELL_0067,Permian,Operator_B,451.29,1318.05,11.97,14,42,3711.62,85.52,0,0,0,0
WELL_0068,Montney,Operator_C,440.76,1468.56,49.12,5,163,3573.52,83.08,0,1,0,0
WELL_0069,Eagle Ford,Operator_A,413.6,1390.55,41.07,4,57,3529.62,70.31,1,0,0,0
WELL_0070,Eagle Ford,Operator_A,504.85,1514.87,53.17,9,12,3323.79,91.03,0,1,0,0
WELL_0071,Eagle Ford,Operator_A,416.9,1039.43,9.86,8,51,3357.56,110.42,0,0,0,0
WELL_0072,Permian,Operator_A,527.05,1595.22,48.5,10,57,3737.35,92.77,0,1,0,0
WELL_0073,Eagle Ford,Operator_C,494.98,1259.28,47.11,4,31,3787.27,89.78,0,0,0,1
WELL_0074,Permian,Operator_B,476.11,1822.58,47.05,3,104,3452.38,93.22,0,0,0,0
WELL_0075,Eagle Ford,Operator_A,409.24,993.24,50.26,9,82,3509.2,89.89,0,0,0,0
WELL_0076,Montney,Operator_B,442.32,1720.79,55.74,7,98,3319.08,81.87,0,1,1,0
WELL_0077,Montney,Operator_C,575.54,1259.37,65.37,9,103,3734.55,98.23,0,1,1,0
WELL_0078,Bakken,Operator_C,550.09,1004.57,25.24,8,27,3633.08,92.26,0,0,0,1
WELL_0079,Montney,Operator_C,402.24,1054.83,66.88,7,128,3888.24,90.18,0,0,0,0
WELL_0080,Bakken,Operator_A,509.93,1103.9,42.37,9,169,3324.34,80.25,0,1,0,0
WELL_0081,Montney,Operator_B,575.14,1327.25,10.78,6,47,3424.4,103.04,0,1,0,0
WELL_0082,Permian,Operator_B,333.06,1356.85,9.39,10,39,3546.29,96.65,1,0,1,0
WELL_0083,Montney,Operator_B,554.34,1027.89,30.07,11,96,3629.3,84.47,0,0,0,0
WELL_0084,Bakken,Operator_C,433.74,1192.69,63.87,7,113,3456.87,100.02,0,0,0,0
WELL_0085,Bakken,Operator_A,557.06,1842.68,58.08,10,131,3325.41,85.02,0,1,0,0
WELL_0086,Eagle Ford,Operator_C,423.67,1718.26,64.15,6,165,3676.28,82.18,0,0,0,0
WELL_0087,Permian,Operator_C,319.51,1330.9,43.8,8,154,3644.23,82.4,0,1,0,0
WELL_0088,Montney,Operator_B,337.25,1211.4,38.01,8,136,3316.75,72.29,0,0,0,1
WELL_0089,Eagle Ford,Operator_C,504.81,1236.01,16.06,11,110,3771.09,94.72,0,0,0,1
WELL_0090,Montney,Operator_B,525.97,1384.06,29.61,12,143,3734.04,71.69,0,0,0,0
WELL_0091,Montney,Operator_A,409.57,893.16,37.55,3,75,3526.86,77.72,1,1,0,0
WELL_0092,Eagle Ford,Operator_B,563.86,1122.79,11.65,12,30,3515.92,69.24,0,1,0,0
WELL_0093,Eagle Ford,Operator_A,333.85,699.42,21.55,14,118,3610.81,89.14,1,0,0,0
WELL_0094,Eagle Ford,Operator_B,493.39,1319.77,49.87,7,141,3327.66,88.5,0,1,0,0
WELL_0095,Eagle Ford,Operator_C,378.9,1394.16,60.17,8,24,3506.01,86.73,0,0,0,1
WELL_0096,Eagle Ford,Operator_C,434.82,1055.04,79.88,9,33,3069.52,79.57,1,0,0,1
WELL_0097,Montney,Operator_A,504.74,1672.2,74.98,14,66,3675.29,78.28,0,0,0,0
WELL_0098,Eagle Ford,Operator_A,413.96,832.27,53.19,9,151,3187.7,94.64,0,0,1,0
WELL_0099,Permian,Operator_A,461.54,760.69,36.59,5,117,3800.68,84.49,0,0,0,1
WELL_0100,Bakken,Operator_B,600.63,1267.34,52.71,10,72,3433.98,93.16,0,1,0,0
WELL_0101,Eagle Ford,Operator_B,442.31,1514.13,63.92,11,25,3457.67,81.15,0,0,0,0
WELL_0102,Eagle Ford,Operator_A,583.57,1705.18,13.88,12,147,3374.45,91.81,0,1,0,0
WELL_0103,Montney,Operator_C,387.03,1062.33,35.74,17,103,3442.39,103.03,1,0,0,0
WELL_0104,Eagle Ford,Operator_B,552.98,1523.6,67.99,8,9,3783.71,95.86,0,1,0,0
WELL_0105,Eagle Ford,Operator_B,644.16,1188.45,33.79,13,66,3002.44,85.88,1,0,0,0
WELL_0106,Eagle Ford,Operator_B,252.84,1148.21,47.89,3,151,3755.39,92.57,1,0,0,0
WELL_0107,Montney,Operator_A,420.31,1465.1,49.08,17,4,3567.6,87.59,0,0,0,0
WELL_0108,Eagle Ford,Operator_A,557.71,1395.7,18.84,9,26,3258.6,90.08,0,0,0,0
WELL_0109,Bakken,Operator_A,479.7,727.08,32.17,7,112,3284.94,86.74,1,1,0,0
WELL_0110,Montney,Operator_A,537.11,1642.96,30.09,9,14,3835.28,88.36,1,0,0,0
WELL_0111,Bakken,Operator_A,439.6,1614.03,6.96,13,162,3310.9,92.12,0,1,0,0
WELL_0112,Montney,Operator_C,508.66,1012.33,6.81,7,104,3269.33,80.07,0,0,0,1
WELL_0113,Eagle Ford,Operator_C,484.43,1318.74,67.38,10,43,3727.46,79.84,0,0,1,0
WELL_0114,Bakken,Operator_A,616.78,1348.21,25.48,7,25,3567.71,76.11,0,0,0,0
WELL_0115,Montney,Operator_B,525.44,1278.2,43.86,11,174,3312.41,74,0,1,0,1
WELL_0116,Permian,Operator_A,533.76,1034.91,27.4,6,161,3543.32,77.83,0,1,0,0
WELL_0117,Eagle Ford,Operator_C,458.81,998.51,75.55,12,94,3294.85,91.59,0,0,0,0
WELL_0118,Montney,Operator_C,451.24,1192.33,24.45,11,177,3720.16,81.07,0,0,0,0
WELL_0119,Permian,Operator_B,456.74,1551.82,37.22,12,83,3712.27,95.14,0,0,0,0
WELL_0120,Montney,Operator_C,539.45,1363.08,70.45,15,139,3606.4,90.35,0,1,0,0
WELL_0121,Permian,Operator_A,457.9,1088.82,68.15,9,131,3572.33,70.31,0,1,1,1
WELL_0122,Eagle Ford,Operator_B,528.98,1431.51,18.96,5,86,3852.24,96.55,0,0,0,0
WELL_0123,Bakken,Operator_A,707.54,345.44,65.2,8,175,3499.94,98.11,0,0,0,0
WELL_0124,Permian,Operator_A,587.11,1544.63,39.36,8,111,3263.63,80.06,0,0,1,1
WELL_0125,Montney,Operator_B,467.4,678.09,41.22,6,128,3589.89,94.2,0,1,0,0
WELL_0126,Eagle Ford,Operator_A,620.12,1091.27,15.01,10,88,3917.21,81.44,1,0,0,0
WELL_0127,Permian,Operator_C,459.19,864.1,11.05,10,65,3297.05,90.98,0,1,0,0
WELL_0128,Montney,Operator_A,296.19,811.6,59.6,18,157,3427.71,77.36,0,0,0,0
WELL_0129,Montney,Operator_B,399.19,1548.25,42.23,12,130,3583.29,72.07,0,1,0,0
WELL_0130,Montney,Operator_B,312.92,1059.69,37.76,6,121,3489.22,86.17,1,1,1,0
WELL_0131,Permian,Operator_B,464.85,1303.95,59.71,6,148,3303.54,88.76,0,1,0,0
WELL_0132,Permian,Operator_A,501.84,1185.92,62.41,13,83,3724.37,86.02,0,1,0,0
WELL_0133,Permian,Operator_B,667.64,1343.11,16.92,8,176,3964.01,78.16,0,1,0,0
WELL_0134,Bakken,Operator_B,532.69,1223.05,50.77,14,115,3539.23,86,0,0,0,0
WELL_0135,Permian,Operator_A,478.09,815.1,15.15,13,115,3319.19,92.69,0,0,1,0
WELL_0136,Permian,Operator_C,582.94,1498.88,61.35,9,37,3190.21,89.55,0,0,0,0
WELL_0137,Permian,Operator_A,278.89,1051.87,54.27,4,142,3551.6,91.83,0,1,0,0
WELL_0138,Bakken,Operator_B,523.56,733.03,76.75,7,109,3720.78,83.3,0,0,0,1
WELL_0139,Permian,Operator_B,577.09,1071.57,10.17,12,179,3595.03,101.72,0,1,0,0
WELL_0140,Montney,Operator_A,352.14,1650.23,9.28,16,45,3499.52,78.24,0,1,0,0
WELL_0141,Permian,Operator_C,614.38,1455.07,26.16,18,24,3382.15,94.88,1,0,0,0
WELL_0142,Montney,Operator_B,533.85,1095.4,24.63,9,20,3281.57,101.82,0,0,0,0
WELL_0143,Montney,Operator_B,458.47,1095.22,23.52,7,120,3666.95,94.81,1,0,0,0
WELL_0144,Montney,Operator_B,563.28,1103.51,72.97,11,121,3682.75,87.97,0,0,0,0
WELL_0145,Bakken,Operator_A,727.07,1823.02,23.72,11,132,3190.85,84.72,0,0,0,1
WELL_0146,Bakken,Operator_B,518.19,1314.58,25.4,13,69,3817.97,100.36,0,0,0,0
WELL_0147,Bakken,Operator_C,524.82,1329.01,61.95,9,112,3614.81,75.77,1,1,0,0
WELL_0148,Permian,Operator_B,454.06,1509.09,38.73,7,106,3779.92,80.3,0,1,0,0
WELL_0149,Montney,Operator_B,415.02,1271.64,63.25,15,111,3231.57,86.02,0,0,0,0
WELL_0150,Bakken,Operator_C,583.03,1122.29,9.9,10,107,3226.84,102.38,0,0,1,0
WELL_0151,Bakken,Operator_B,414.39,1141.1,41.57,12,46,3470.21,93.8,0,0,0,0
WELL_0152,Permian,Operator_A,507.16,1178.52,7.52,6,90,3600.56,80.32,0,1,0,1
WELL_0153,Bakken,Operator_A,452.23,1188.83,9.7,11,17,3859.27,86.9,0,1,0,0
WELL_0154,Permian,Operator_A,547.9,1418.29,72.98,10,148,3641.22,83.86,0,0,0,0
WELL_0155,Eagle Ford,Operator_C,533.37,1215.58,15.44,10,103,3451.46,82.9,0,0,1,0
WELL_0156,Bakken,Operator_B,603.75,1419.79,44.93,4,150,3294.73,99.79,0,1,0,0
WELL_0157,Eagle Ford,Operator_A,449,1175.79,35.83,13,39,3746,76.28,0,1,0,0
WELL_0158,Permian,Operator_C,473.01,1223.59,31.05,10,137,3307.06,106.09,0,0,1,0
WELL_0159,Montney,Operator_B,402.12,600.54,72.49,9,88,3825.69,98.28,0,1,0,0
WELL_0160,Bakken,Operator_C,455.57,1474.9,6.64,14,179,3443.12,100.91,0,0,0,0
WELL_0161,Permian,Operator_A,537.73,1303.95,54.78,18,60,3818.12,85.37,0,0,0,0
WELL_0162,Montney,Operator_A,575.7,1499.4,77.25,11,4,3635.79,88.5,1,1,0,0
WELL_0163,Montney,Operator_A,407.78,331.12,47.01,9,121,3472.6,75.67,1,1,0,1
WELL_0164,Eagle Ford,Operator_C,586.96,1826.51,75.26,16,54,3396.12,84.75,1,0,0,0
WELL_0165,Permian,Operator_C,635.56,1158.12,8.92,13,36,3431.82,94.94,0,1,0,0
WELL_0166,Montney,Operator_A,541.34,1532.45,36.41,10,55,3585.66,102.96,0,0,1,1
WELL_0167,Bakken,Operator_C,687.68,888.03,24.51,7,101,3515.43,78.93,0,1,0,0
WELL_0168,Bakken,Operator_A,422.62,1383.83,59.81,12,92,3381.24,86.34,0,0,0,0
WELL_0169,Eagle Ford,Operator_A,375.53,883.98,78.6,11,72,3466.87,88.49,0,1,0,0
WELL_0170,Montney,Operator_B,322.13,1012.87,24.24,10,58,3515.72,76.04,0,1,0,0
WELL_0171,Permian,Operator_C,649.6,1774.21,54.06,16,1,3074.25,95.91,1,0,0,0
WELL_0172,Bakken,Operator_A,565.44,1142.8,19.86,11,103,3591.63,82.76,1,1,1,0
WELL_0173,Montney,Operator_A,494.44,1265.23,47.4,8,50,3304.06,88.05,0,1,0,0
WELL_0174,Montney,Operator_C,528,1461.02,39.79,12,29,3269.33,85.48,0,1,0,0
WELL_0175,Eagle Ford,Operator_B,387.45,1348.7,77.9,9,10,3162.53,82.11,0,0,0,0
WELL_0176,Bakken,Operator_B,744.58,1245.13,50.64,10,107,3141.22,89.93,0,1,0,0
WELL_0177,Bakken,Operator_A,512.92,1309.49,31.21,5,75,3228.91,87.84,0,1,1,0
WELL_0178,Permian,Operator_C,510.94,1921.02,13.56,9,166,3358.2,86.28,0,0,0,0
WELL_0179,Bakken,Operator_B,572.58,1182.71,16.34,13,89,3890.65,82.72,0,1,1,0
WELL_0180,Permian,Operator_C,548.1,1260.33,21.9,9,122,3394.82,93.2,0,0,0,0
WELL_0181,Bakken,Operator_C,522.39,1515.2,23.82,11,124,3535.55,106.54,0,0,0,0
WELL_0182,Eagle Ford,Operator_A,420.95,1531.66,68.8,13,121,3580.1,91.4,0,0,0,0
WELL_0183,Bakken,Operator_B,547.15,1556.11,47.09,11,93,3526.21,99.96,0,0,0,0
WELL_0184,Permian,Operator_A,688.2,1391.62,44.25,11,102,3484.51,76.1,1,1,0,0
WELL_0185,Permian,Operator_B,634.54,857.1,13.61,5,161,3260.94,91.58,0,0,0,0
WELL_0186,Eagle Ford,Operator_B,659.32,1690.03,69.51,7,30,3790.19,79.03,0,1,0,1
WELL_0187,Bakken,Operator_B,448.88,856.1,59.21,2,51,3861.44,75.23,0,0,0,0
WELL_0188,Bakken,Operator_B,401.04,1290.79,10.08,14,88,3163.47,82.61,0,0,0,0
WELL_0189,Eagle Ford,Operator_B,487.42,973.72,58.09,17,75,3295.19,101.92,1,0,0,0
WELL_0190,Bakken,Operator_C,505.57,1180.76,45.77,9,128,3444.04,99.5,0,0,1,0
WELL_0191,Bakken,Operator_A,609.42,1298.63,11.13,10,21,3307.09,92.43,0,1,0,0
WELL_0192,Permian,Operator_C,330.75,1296.41,39.37,8,39,3601.19,74.67,0,1,0,0
WELL_0193,Bakken,Operator_B,652.96,1326.58,41.35,15,100,3354.35,88.04,1,1,0,0
WELL_0194,Bakken,Operator_A,484.2,1684.11,17.43,13,110,3933.01,93.02,0,0,0,1
WELL_0195,Eagle Ford,Operator_B,457.31,1336.06,75.93,10,128,3738.11,91.76,0,0,0,0
WELL_0196,Eagle Ford,Operator_A,398.79,1126.75,68.75,11,64,3542.51,71.56,0,0,0,0
WELL_0197,Montney,Operator_C,334.51,1489.23,55.18,8,169,3705.4,81.1,0,0,0,0
WELL_0198,Permian,Operator_A,582.32,1556.84,39.67,7,148,3721.18,89.36,0,0,1,1
WELL_0199,Bakken,Operator_A,507.33,831.72,35.88,10,78,3387.21,95.36,0,1,0,0
WELL_0200,Bakken,Operator_A,371,1379.22,53.82,8,21,3336.76,68.04,0,0,0,0
WELL_0201,Montney,Operator_A,370.49,1410.35,45.91,13,165,3515.63,88.38,1,1,0,1
WELL_0202,Bakken,Operator_A,466.42,1110.73,9.67,10,98,3672.33,91.43,0,0,0,0
WELL_0203,Permian,Operator_B,666.9,1612.71,43.44,9,7,3527.81,98.5,0,0,0,0
WELL_0204,Montney,Operator_A,474.04,1154.98,65.48,6,174,3184.6,96.93,0,1,0,0
WELL_0205,Permian,Operator_A,349.69,1237.67,39.44,10,16,3339.44,95.83,0,0,0,0
WELL_0206,Montney,Operator_C,475.43,1148.08,8.9,20,16,3485.21,82,0,1,0,0
WELL_0207,Montney,Operator_A,472.73,1204.67,63.97,8,89,3484.87,70.92,0,1,0,0
WELL_0208,Eagle Ford,Operator_C,230.31,871.12,20.1,7,140,3894.51,86.07,0,0,0,0
WELL_0209,Permian,Operator_B,494.57,767.98,24.4,7,144,3222.8,100.02,0,1,0,0
WELL_0210,Bakken,Operator_A,476.91,1678.35,17.35,9,165,3601.12,103.93,0,0,0,0
WELL_0211,Bakken,Operator_C,569.62,945.91,29.77,8,80,3797.82,97.11,0,0,1,0
WELL_0212,Permian,Operator_C,684.9,902.58,61.76,13,77,3954.29,94.29,0,1,0,0
WELL_0213,Bakken,Operator_B,612.66,553.98,43.95,9,172,3419.12,93.8,0,0,0,0
WELL_0214,Bakken,Operator_A,473.11,1008.31,20.37,13,5,3598.29,84.44,0,1,0,0
WELL_0215,Permian,Operator_A,389.35,803.07,70.84,11,162,3613.95,88.7,1,1,0,0
WELL_0216,Montney,Operator_C,757.34,1692.6,70.97,12,109,3539.1,106.69,1,1,0,0
WELL_0217,Permian,Operator_A,505.92,1502.95,70.29,13,13,3480.23,80.57,0,0,0,0
WELL_0218,Montney,Operator_C,501.39,993.55,22.91,17,71,3587.2,106.15,0,0,0,0
WELL_0219,Bakken,Operator_A,497.59,1875.73,38.84,8,142,2993.55,86.78,0,1,0,1
WELL_0220,Bakken,Operator_C,519.81,1494.53,78.87,8,53,3636.41,103.25,1,0,0,0
WELL_0221,Bakken,Operator_A,485.56,1102.55,62.9,13,26,3525.24,75.93,0,0,0,0
WELL_0222,Eagle Ford,Operator_B,442.63,450.18,7.04,10,12,3455.51,95.86,0,0,1,0
WELL_0223,Montney,Operator_A,445.31,1887.28,9.89,9,158,3909.37,82.63,0,0,0,0
WELL_0224,Eagle Ford,Operator_A,496.72,783.13,39.79,13,162,3365.01,75.85,1,0,0,0
WELL_0225,Eagle Ford,Operator_B,445.66,706.38,73.19,12,59,3419.38,92.19,0,1,0,0
WELL_0226,Permian,Operator_A,428.72,1506.77,45.4,15,5,3898.31,100.09,0,1,0,1
WELL_0227,Eagle Ford,Operator_B,510.64,1931.93,42.34,8,57,3333.59,81.55,0,0,0,0
WELL_0228,Permian,Operator_A,474.5,1615.28,12.91,7,48,3389.98,75.01,0,0,0,0
WELL_0229,Permian,Operator_C,650.4,1369.17,54.26,12,150,3470.59,89.08,0,0,1,0
WELL_0230,Eagle Ford,Operator_C,234.9,1378.43,66.66,17,161,3668.15,89.13,0,1,0,0
WELL_0231,Montney,Operator_A,609.15,1456.02,33.53,9,25,3541.56,95.48,0,0,0,1
WELL_0232,Montney,Operator_A,624.61,1427.68,63.17,9,46,3241.47,99.5,0,1,0,0
WELL_0233,Montney,Operator_A,292.66,1284.36,77.34,14,4,3393.57,89.41,0,0,0,0
WELL_0234,Montney,Operator_C,465.73,1231.26,20.28,9,19,3378.53,108.56,0,1,0,0
WELL_0235,Montney,Operator_A,462.86,1181.22,44.25,10,133,3484.56,92.24,0,0,1,0
WELL_0236,Eagle Ford,Operator_C,359.25,973.81,26.54,6,58,3585.17,86.54,0,1,1,0
WELL_0237,Eagle Ford,Operator_B,422.22,1115.8,64.46,6,145,3583.64,73.88,0,0,0,0
WELL_0238,Bakken,Operator_C,388.94,692.11,48.32,8,131,3144.8,87.37,0,1,0,0
WELL_0239,Montney,Operator_C,675.23,1170.5,52.59,7,16,3712.79,86.64,0,0,0,0
WELL_0240,Eagle Ford,Operator_B,593.57,903.42,64.84,11,13,3550.51,99.6,0,1,0,0
WELL_0241,Bakken,Operator_C,627.16,868.92,34.7,15,12,3776.91,94.62,1,1,0,0
WELL_0242,Montney,Operator_A,572.17,1253.97,73.63,12,134,3588.84,78.21,0,0,0,0
WELL_0243,Permian,Operator_A,387.09,1617.6,44.98,10,127,3720.26,91.72,0,1,0,0
WELL_0244,Bakken,Operator_C,447.55,1475.49,16.85,8,43,3593.31,96.72,0,0,0,0
WELL_0245,Eagle Ford,Operator_A,548.94,728.85,57.19,11,118,3769.25,105.28,0,0,0,0
WELL_0246,Permian,Operator_C,377.79,903.11,64.49,12,142,3604.45,98.88,1,0,1,0
WELL_0247,Permian,Operator_A,571.3,1482.23,28.76,8,18,3480.42,97.61,1,0,0,0
WELL_0248,Permian,Operator_A,475.97,905.25,69.29,12,62,3954.49,90.6,0,1,0,1
WELL_0249,Bakken,Operator_C,462.52,1132.61,72.96,12,162,3677.81,93.88,0,1,0,0
WELL_0250,Eagle Ford,Operator_A,571.1,1365.02,25.77,7,80,3614.75,102.5,0,0,0,0
WELL_0251,Permian,Operator_C,544.43,909.5,78.76,12,162,3244.74,76.67,0,0,0,0
WELL_0252,Montney,Operator_A,463.9,1231.61,15.55,8,146,3242.34,86.51,0,1,0,0
WELL_0253,Permian,Operator_A,615.93,799.79,20.15,4,147,3558.54,82.27,0,1,0,0
WELL_0254,Permian,Operator_B,391.89,1019.59,18.82,5,99,3529.1,93.79,0,0,0,1
WELL_0255,Bakken,Operator_B,561.59,1295.93,72.05,12,162,3377.18,102.3,0,1,0,0
WELL_0256,Bakken,Operator_C,559.31,722.1,54.07,9,159,3528.2,84.03,1,0,0,1
WELL_0257,Eagle Ford,Operator_B,469.05,1332.14,16.41,9,121,3817.73,66.1,0,0,0,0
WELL_0258,Montney,Operator_C,532.61,1194.11,38.02,7,175,3639.08,85.88,1,1,0,0
WELL_0259,Bakken,Operator_B,374.89,1365.75,51.15,8,43,3271.8,99.13,0,0,0,0
WELL_0260,Permian,Operator_A,592.4,1267.17,11.26,11,103,3477.7,95.38,0,0,0,0
WELL_0261,Eagle Ford,Operator_C,481.51,1609.24,71.18,8,151,3339.01,94.28,0,0,0,0
WELL_0262,Permian,Operator_C,447.73,1237.57,65.27,11,60,3422.46,87.2,0,1,0,1
WELL_0263,Permian,Operator_A,604.9,1071.18,42.89,11,124,3417.28,77.21,0,1,1,1
WELL_0264,Bakken,Operator_C,429.57,1236.69,77.53,7,144,3404.47,95.15,0,0,0,1
WELL_0265,Eagle Ford,Operator_C,359.15,1362.99,36.33,12,70,3248.97,81.66,1,0,0,0
WELL_0266,Montney,Operator_B,344.34,1214.66,78.81,8,106,3474.47,111.84,0,0,0,0
WELL_0267,Montney,Operator_C,560.6,1212.18,55.09,17,49,3387.88,95.71,0,0,0,0
WELL_0268,Bakken,Operator_A,371.96,989.4,52.6,7,64,2914.11,84.19,1,0,0,0
WELL_0269,Bakken,Operator_B,675.48,1001.13,17.45,12,98,3910.59,83.89,0,1,0,0
WELL_0270,Eagle Ford,Operator_B,291.81,779.22,71.14,9,31,3717.75,89.07,0,0,0,0
WELL_0271,Montney,Operator_A,669.65,1724.87,37.06,11,163,3424.74,87.6,0,0,0,0
WELL_0272,Montney,Operator_A,521.1,826.84,17.17,9,140,3503.76,101.17,1,0,0,0
WELL_0273,Montney,Operator_B,490.33,992.13,5.95,7,57,3265.67,91.86,1,0,0,0
WELL_0274,Permian,Operator_C,445.51,984.48,46.98,21,127,3839.14,82.68,1,1,0,0
WELL_0275,Montney,Operator_B,539.91,1468.48,44.55,5,141,3879.46,108.9,0,0,0,0
WELL_0276,Permian,Operator_A,496.24,1111.52,58.95,15,164,3531.34,90.49,1,0,0,0
WELL_0277,Eagle Ford,Operator_B,610.33,1574.32,71.77,7,111,3704.71,97.69,0,0,0,0
WELL_0278,Permian,Operator_A,511.42,997.95,10.96,12,67,3535.06,83.92,0,0,0,0
WELL_0279,Eagle Ford,Operator_B,515.03,1283.7,59.86,11,39,3232.65,93.63,0,0,0,0
WELL_0280,Montney,Operator_C,463.64,949.4,19.06,11,143,3417.64,93.11,0,0,1,0
WELL_0281,Montney,Operator_B,494.31,1843.54,69.36,12,131,3526.39,71.1,1,0,0,0
WELL_0282,Eagle Ford,Operator_B,530.78,843.72,66.43,7,172,3409.09,110.15,1,0,0,0
WELL_0283,Bakken,Operator_A,328.98,1292.95,45.56,12,89,3456.27,102.91,0,0,0,0
WELL_0284,Eagle Ford,Operator_A,365.18,1390.13,58.27,7,27,3481.72,86.03,0,0,0,0
WELL_0285,Bakken,Operator_A,574.33,1324.14,28.58,8,95,3483.82,78.98,0,1,1,0
WELL_0286,Permian,Operator_B,517.09,1144.41,40.34,4,30,3510.45,93.48,1,0,0,0
WELL_0287,Permian,Operator_C,481.6,1161.05,66.62,12,2,3287.88,90.87,0,0,0,0
WELL_0288,Permian,Operator_A,501.84,1213.14,39.44,12,135,3356.6,93.56,0,0,0,0
WELL_0289,Montney,Operator_A,534.76,1155.9,31.83,16,23,3243.08,91.92,0,0,0,0
WELL_0290,Permian,Operator_B,446.02,1489.16,42.07,7,14,3695.56,95.06,0,1,0,0
WELL_0291,Bakken,Operator_A,422.17,1863.16,67.12,12,170,3078.87,104.47,0,0,0,0
WELL_0292,Permian,Operator_C,519.58,1032.75,30.14,10,158,3730.72,95.68,1,1,0,0
WELL_0293,Eagle Ford,Operator_C,402.16,789.06,18.03,9,44,3777.27,79.5,0,0,0,0
WELL_0294,Eagle Ford,Operator_A,540.83,1173.52,58.4,11,7,3439.56,103.63,0,0,0,0
WELL_0295,Montney,Operator_A,329.74,1973.91,66.95,8,70,2979.37,106.41,0,1,0,1
WELL_0296,Eagle Ford,Operator_B,602.92,958.9,12.55,13,107,3427.74,121.52,0,0,0,0
WELL_0297,Bakken,Operator_C,547.26,1691.74,22.99,11,114,3487.16,78.77,1,0,0,0
WELL_0298,Permian,Operator_C,525.6,1703.31,15.65,12,102,3297.88,92.43,0,0,0,0
WELL_0299,Montney,Operator_A,598.27,1033.92,31.1,9,124,3396.96,69.18,0,1,0,0
WELL_0300,Permian,Operator_B,666.55,1370.69,38.78,16,56,3806.04,95.53,0,0,0,0
WELL_0301,Permian,Operator_C,601.44,1688.52,61.16,13,29,3632.99,84.52,0,1,0,0
WELL_0302,Bakken,Operator_C,315.91,1086.26,53.84,9,145,3315.09,109.23,0,0,1,0
WELL_0303,Eagle Ford,Operator_B,372.04,1138.93,51.57,8,113,3180.48,82.25,0,1,0,1
WELL_0304,Eagle Ford,Operator_B,437.52,1025.5,31.43,16,116,3434.6,73.11,0,0,0,0
WELL_0305,Permian,Operator_C,502.61,895.57,68.11,13,166,3457.31,85.29,0,1,0,0
WELL_0306,Montney,Operator_C,551.77,1005.22,40.35,11,59,3599.24,70.25,0,0,0,1
WELL_0307,Eagle Ford,Operator_B,427.43,832.82,78.43,6,97,3392.94,97.51,0,1,0,0
WELL_0308,Montney,Operator_C,518.68,1210.23,52.56,4,170,3602.3,69.35,0,0,0,0
WELL_0309,Eagle Ford,Operator_A,424.46,969.01,14.47,13,125,3887.03,90.28,0,0,0,0
WELL_0310,Montney,Operator_A,438.85,1270.14,55.71,5,172,3663.1,69.22,1,0,0,0
WELL_0311,Bakken,Operator_B,359.33,733.23,29.38,8,150,3490.38,86.8,1,0,0,0
WELL_0312,Montney,Operator_B,407.68,1299.26,56.47,10,93,3463.37,106.43,0,0,1,1
WELL_0313,Bakken,Operator_B,364.83,1450.06,10.22,9,133,3428.67,93.61,0,1,0,0
WELL_0314,Bakken,Operator_A,402.41,601.88,18.12,13,121,3736.13,81.37,0,1,0,0
WELL_0315,Montney,Operator_C,605.36,1312.22,69.18,17,107,3374.54,89.69,0,0,0,1
WELL_0316,Bakken,Operator_A,405.06,1568.3,22.04,8,3,3509.04,90.18,1,1,0,0
WELL_0317,Permian,Operator_C,763.24,837.11,67.78,16,92,3510.24,94.73,0,0,0,0
WELL_0318,Bakken,Operator_A,549.33,1701.77,25.95,5,150,3399.64,76.33,0,0,0,0
WELL_0319,Eagle Ford,Operator_C,518.48,1325.71,53.22,10,5,3225.51,95.93,1,1,0,1
WELL_0320,Montney,Operator_A,414.16,988.5,57.06,7,31,3564.59,62.96,1,1,0,0
WELL_0321,Permian,Operator_B,570.03,1183.27,43.45,9,105,3487.8,83.7,0,1,0,0
WELL_0322,Montney,Operator_A,442.44,1367.5,27.9,6,145,3600.05,85.12,0,0,0,0
WELL_0323,Eagle Ford,Operator_C,512.2,1222.8,20.95,7,14,3393.28,96.33,0,1,0,0
WELL_0324,Eagle Ford,Operator_A,756.01,1361.63,7.49,6,167,3744.16,90.23,0,0,0,1
WELL_0325,Eagle Ford,Operator_A,490.39,923.8,27.8,12,121,3324.65,75.94,1,0,0,0
WELL_0326,Bakken,Operator_A,614.93,1250.81,53.99,10,95,3842.41,80.15,1,0,0,0
WELL_0327,Bakken,Operator_B,429.68,775.89,75.37,5,5,3150.47,91.99,0,1,0,1
WELL_0328,Montney,Operator_A,496.5,1166.63,70.34,7,111,3586.95,89.21,0,1,0,0
WELL_0329,Montney,Operator_B,677.08,928.83,62.45,5,119,3595.09,84.21,1,1,0,0
WELL_0330,Permian,Operator_B,437.3,979.34,64.13,10,122,3340.89,85.19,0,0,0,0
WELL_0331,Permian,Operator_A,681.24,1570.83,54.87,7,66,3584.88,96.96,0,0,0,0
WELL_0332,Montney,Operator_A,570.78,1527.39,24.52,9,105,3755.9,84.82,0,0,0,0
WELL_0333,Bakken,Operator_A,443.75,1382.74,73.04,11,138,3056.64,89.12,0,0,0,1
WELL_0334,Eagle Ford,Operator_C,563.24,872.31,55.3,9,42,3600.55,111.7,0,0,0,0
WELL_0335,Montney,Operator_A,597.26,1105.08,47.03,10,144,3001.35,75.76,0,1,0,0
WELL_0336,Permian,Operator_B,562.18,1563.93,13.32,12,95,3306.87,71.48,0,0,0,0
WELL_0337,Bakken,Operator_A,342.98,1242.52,38.53,10,131,3825.83,97.84,0,0,0,0
WELL_0338,Montney,Operator_C,427.29,1895.8,39.53,14,80,3383.64,83.21,0,0,0,0
WELL_0339,Montney,Operator_A,475.25,1318,69.84,10,40,3265.22,86.82,0,0,0,0
WELL_0340,Bakken,Operator_C,492.56,1257.61,46,11,132,3460.41,82.19,0,0,1,1
WELL_0341,Montney,Operator_C,562.07,1107.27,33.53,8,159,3913.58,87.4,1,1,0,0
WELL_0342,Bakken,Operator_A,517.77,1240.06,78.26,12,34,3133.66,105.99,0,1,0,0
WELL_0343,Eagle Ford,Operator_B,366.47,1154.26,13.3,9,21,3289.74,98.02,0,1,0,0
WELL_0344,Bakken,Operator_C,538.02,1412.43,36.69,7,149,3799.49,98.62,0,0,0,1
WELL_0345,Bakken,Operator_A,561.06,1487.01,8.15,9,111,3871.54,75.84,1,0,0,0
WELL_0346,Bakken,Operator_A,555.98,964.2,60.49,13,10,3479.31,78.49,0,0,0,0
WELL_0347,Montney,Operator_B,608.08,800.63,73.86,10,2,3252.19,61.61,0,1,0,0
WELL_0348,Montney,Operator_C,583.39,649.14,26,11,136,3919.17,81.91,0,1,0,1
WELL_0349,Bakken,Operator_C,545.92,1352.4,69.38,7,59,3818.89,99.57,0,0,0,0
WELL_0350,Montney,Operator_A,492.98,868.99,26.92,12,75,3635.79,95.17,0,0,0,0
WELL_0351,Permian,Operator_A,333.9,554.13,73.31,14,86,3337.52,87.78,0,0,0,0
WELL_0352,Permian,Operator_B,542.96,1316.57,61.55,8,13,3490.19,89.78,0,1,0,0
WELL_0353,Montney,Operator_B,520.77,1947.9,65.37,9,17,3467.93,83.11,0,1,0,0
WELL_0354,Montney,Operator_C,527.16,1198.18,6.35,10,112,3566.17,92.05,0,0,0,0
WELL_0355,Bakken,Operator_C,372.33,1451.55,77.21,9,72,3790.2,97.66,0,0,0,0
WELL_0356,Eagle Ford,Operator_A,391.89,1224.55,59.5,15,22,3675.88,73.84,0,0,0,1
WELL_0357,Montney,Operator_C,605.32,1170.33,27.86,9,82,3284.52,93,0,0,0,1
WELL_0358,Permian,Operator_B,496.04,1475.72,67.2,19,124,3775.3,99.32,0,0,0,0
WELL_0359,Bakken,Operator_B,568.15,1112.92,26.11,11,174,3562.63,85.85,0,0,0,0
WELL_0360,Montney,Operator_A,502.83,1280.22,70.46,9,68,3637.41,97.01,0,1,0,0
WELL_0361,Permian,Operator_B,502.98,1296.51,13.44,11,46,3793.31,118.15,1,1,0,0
WELL_0362,Permian,Operator_B,593.83,999.57,57.78,7,115,3277.68,88.96,1,0,0,0
WELL_0363,Eagle Ford,Operator_B,448.4,1497.61,45.55,9,29,3492.83,93.93,0,1,0,0
WELL_0364,Bakken,Operator_B,509.61,1147.51,12.24,9,24,3393.71,82.62,0,0,0,0
WELL_0365,Bakken,Operator_A,453.77,973.28,23.14,12,155,3186.43,91.81,0,0,0,0
WELL_0366,Eagle Ford,Operator_A,456.55,1360.95,5.93,12,111,3569.34,94.6,1,0,0,0
WELL_0367,Eagle Ford,Operator_C,469.08,930.46,40.16,7,24,4002.31,91.95,0,0,0,0
WELL_0368,Bakken,Operator_B,522.21,1208.45,27.59,10,73,3131.98,79.8,0,0,0,0
WELL_0369,Bakken,Operator_C,452.13,1197.26,49.88,10,57,3493.54,92.06,0,0,0,0
WELL_0370,Montney,Operator_A,625.58,1525.77,27.29,13,93,3628.11,104.62,0,0,0,1
WELL_0371,Montney,Operator_A,410.54,1342.41,27.49,13,118,3524.62,94.49,1,1,0,0
WELL_0372,Eagle Ford,Operator_A,481.31,1192.49,60.74,6,126,3477.37,99.62,0,0,0,0
WELL_0373,Montney,Operator_A,456.03,1445.33,8.61,11,168,3240.16,87.63,0,0,0,0
WELL_0374,Permian,Operator_A,644.7,1617.06,72.72,6,24,3546.56,97.5,1,0,0,0
WELL_0375,Montney,Operator_A,519.66,1367.34,68.92,11,77,3348.65,92.79,0,1,0,1
WELL_0376,Montney,Operator_A,603.18,1203.11,55.09,15,98,3062.02,80.49,0,0,0,0
WELL_0377,Permian,Operator_B,351.44,806.45,49.49,11,115,3738.92,93.19,0,1,0,0
WELL_0378,Eagle Ford,Operator_C,526.71,880.47,71.92,10,47,3691.68,80.08,1,0,0,0
WELL_0379,Permian,Operator_A,588.96,1108.43,18.9,8,9,3510.33,83.67,0,0,0,0
WELL_0380,Montney,Operator_B,508.23,1017.15,10.92,8,98,3545.81,91.89,0,0,0,1
WELL_0381,Eagle Ford,Operator_B,606.55,1143.91,22.96,7,10,3714.86,92.97,0,0,0,0
WELL_0382,Montney,Operator_C,448.27,1216.99,64.59,15,84,3544.87,78.11,0,0,0,0
WELL_0383,Permian,Operator_A,640.93,1358.91,7.6,7,148,3680.8,100.54,0,0,0,0
WELL_0384,Permian,Operator_C,729.89,1178.85,48.71,12,172,3440.5,95.72,0,0,0,0
WELL_0385,Montney,Operator_A,463.72,1345.95,79.66,13,134,3762.4,82.95,0,0,0,0
WELL_0386,Bakken,Operator_B,455.45,1219.34,69.18,13,125,3564.16,74.62,1,0,0,0
WELL_0387,Bakken,Operator_B,645.34,607.36,44.11,12,63,3538.81,88.55,0,1,0,0
WELL_0388,Permian,Operator_B,657.96,918.2,9.77,16,1,3245.99,85.54,0,0,0,0
WELL_0389,Permian,Operator_B,447.71,1156.77,67.35,8,75,3557.39,91.13,0,1,0,1
WELL_0390,Bakken,Operator_C,457.98,837.09,49.92,7,120,3333.61,86.37,0,1,0,0
WELL_0391,Bakken,Operator_A,471.82,1379.98,13.62,7,41,3372.34,69.93,1,0,0,0
WELL_0392,Montney,Operator_A,365.55,1659.23,12.04,8,53,3336.92,86.12,0,0,0,0
WELL_0393,Montney,Operator_C,408.13,1565.63,73.22,13,74,3286.75,86.94,0,0,0,0
WELL_0394,Bakken,Operator_A,399.59,1135.97,55.19,5,15,3924.95,96.34,0,1,0,0
WELL_0395,Montney,Operator_B,423.22,1647.22,67.2,9,17,3766.27,83.02,0,1,0,0
WELL_0396,Montney,Operator_A,496.53,1244.6,70.92,7,89,3884.07,106.79,0,1,0,0
WELL_0397,Eagle Ford,Operator_B,523.42,1098.87,47.88,15,143,3255.42,70.88,0,1,0,0
WELL_0398,Montney,Operator_C,655.05,1015.98,43.81,7,5,3514.25,103.11,0,1,0,0
WELL_0399,Permian,Operator_A,400.16,1109.26,37.28,4,107,3241.3,87.76,0,0,0,0
WELL_0400,Montney,Operator_C,598.43,1083.55,28.77,12,174,3360.86,98.6,0,0,0,0
WELL_0401,Montney,Operator_A,478.6,1251.12,37.59,7,47,3316.37,90.8,0,1,0,0
WELL_0402,Bakken,Operator_B,495.05,1248.17,63.04,9,41,3747.92,101.4,1,0,0,1
WELL_0403,Permian,Operator_C,567.48,1200.91,50.14,13,75,3420.75,86.13,0,0,0,1
WELL_0404,Montney,Operator_A,387.73,1331.08,71.94,8,76,3713.68,79.01,0,1,0,0
WELL_0405,Montney,Operator_B,538.24,1557.19,38.25,7,131,3620.82,104.21,0,0,0,0
WELL_0406,Eagle Ford,Operator_C,516.65,1484.87,50.53,13,129,3960.73,88.87,0,1,0,0
WELL_0407,Montney,Operator_C,549.25,754.53,52.35,13,58,3204.11,92.22,0,1,0,0
WELL_0408,Montney,Operator_A,528.92,433.82,49.38,11,154,3751.85,102.35,1,0,0,1
WELL_0409,Eagle Ford,Operator_A,745.53,1480.3,57.7,14,26,3729.29,79.68,0,1,0,0
WELL_0410,Bakken,Operator_A,436.23,789.94,22.81,13,78,3305.32,95.95,1,0,1,0
WELL_0411,Montney,Operator_B,446.9,1132.57,43.43,12,71,3701.43,84.1,0,0,0,0
WELL_0412,Eagle Ford,Operator_A,437.69,848.97,12.82,7,6,3567.23,88.68,0,0,0,0
WELL_0413,Permian,Operator_C,444.45,659.41,33.84,8,110,3454.5,90.72,1,0,1,0
WELL_0414,Bakken,Operator_C,436.26,1362.44,41.58,13,118,3335.21,75,0,0,0,0
WELL_0415,Permian,Operator_A,618.9,1427.75,53.92,11,173,3356.18,82.21,1,0,0,0
WELL_0416,Permian,Operator_A,642.05,1027.05,76.29,9,62,3909.96,103.51,0,0,0,0
WELL_0417,Eagle Ford,Operator_C,442.93,422.69,50.05,12,123,3500.14,98.86,1,0,0,0
WELL_0418,Montney,Operator_B,416.76,1036.13,60.77,16,11,3656.43,89.37,0,1,0,0
WELL_0419,Eagle Ford,Operator_A,547.14,1317.54,42.97,10,140,3341.82,92.43,0,1,0,0
WELL_0420,Eagle Ford,Operator_A,444.78,756.33,52.56,12,42,3344.03,87.06,0,0,0,0
WELL_0421,Eagle Ford,Operator_C,563.29,1255.01,10.32,8,16,3716.4,103.57,0,0,0,0
WELL_0422,Eagle Ford,Operator_A,520.29,1195.41,24.08,11,62,3230.08,88,0,0,0,1
WELL_0423,Bakken,Operator_B,348.43,1373.79,32.14,9,119,3416.96,92.32,0,0,0,1
WELL_0424,Montney,Operator_C,654.75,1235.87,40.44,14,35,3506.81,101.46,0,1,0,1
WELL_0425,Permian,Operator_A,679.59,908.08,8.42,11,7,3522.27,82.23,0,1,0,0
WELL_0426,Permian,Operator_C,438.72,1558.97,15.5,18,68,3464.18,105.59,0,0,0,0
WELL_0427,Montney,Operator_A,461.23,1152.44,25.76,10,89,3579.16,74.7,0,0,0,0
WELL_0428,Permian,Operator_A,528.59,1191.81,77.86,6,35,3638.57,106.3,0,0,0,1
WELL_0429,Montney,Operator_A,533.45,920.02,29.85,8,27,3646.93,86.27,0,1,0,1
WELL_0430,Permian,Operator_B,565.85,1067.02,41.15,11,117,3302.84,87.57,0,0,0,1
WELL_0431,Eagle Ford,Operator_B,701.02,934.56,19.71,9,92,3443.17,71.1,0,1,0,0
WELL_0432,Permian,Operator_C,482.31,1148.12,50.81,5,174,3738.95,85.45,0,1,1,1
WELL_0433,Montney,Operator_A,420.17,1713.51,26.05,12,75,3678.93,79.6,1,0,0,0
WELL_0434,Montney,Operator_A,362.07,788.43,20.52,7,100,3225.43,83.92,1,0,0,0
WELL_0435,Montney,Operator_B,426.91,715.93,43.74,8,157,3570.3,88.63,0,1,0,0
WELL_0436,Montney,Operator_A,496.69,1641.35,5.41,15,150,3104.35,99.58,0,0,1,0
WELL_0437,Montney,Operator_B,679.46,1137.2,5.57,14,143,3509.39,92.08,0,0,0,0
WELL_0438,Bakken,Operator_A,448.24,999.28,21.43,8,13,3879.55,93.08,0,0,0,0
WELL_0439,Bakken,Operator_C,522.38,1511.97,7.75,5,70,3310.42,79.04,0,1,0,0
WELL_0440,Permian,Operator_A,498.36,1018.32,13.1,4,179,3333.14,81.19,0,1,1,0
WELL_0441,Montney,Operator_A,618.84,1747.8,30.41,7,123,3652.81,107.99,0,1,0,1
WELL_0442,Permian,Operator_B,752.69,1403.38,65.19,8,124,3191.44,82.65,0,1,0,0
WELL_0443,Montney,Operator_A,446.91,1053.63,47.9,6,36,3373.45,106.56,0,1,1,0
WELL_0444,Montney,Operator_A,451.06,1847.19,43.45,19,28,3619.29,87.57,1,1,0,0
WELL_0445,Bakken,Operator_B,604.42,1018.29,27.01,8,142,3373.14,90.02,0,0,0,1
WELL_0446,Bakken,Operator_C,568.19,1422.63,74.88,8,174,3452.81,100.7,1,0,0,0
WELL_0447,Eagle Ford,Operator_C,684.67,1289.79,34.78,7,173,3648.84,102.72,1,1,0,0
WELL_0448,Bakken,Operator_B,558.39,1590.52,11.53,7,179,3584.31,88.89,0,1,0,0
WELL_0449,Eagle Ford,Operator_B,464.07,1668.45,51.28,12,18,3553.36,86.12,0,1,1,0
WELL_0450,Eagle Ford,Operator_B,559.07,1209.6,13.54,7,105,3432.18,89.44,0,0,0,0
WELL_0451,Eagle Ford,Operator_B,610.87,973.97,30.89,6,20,3574.01,93.38,1,1,0,1
WELL_0452,Eagle Ford,Operator_B,582.05,1337.99,43.06,14,63,3475.25,98.91,1,1,1,0
WELL_0453,Eagle Ford,Operator_C,550.73,996.69,70.57,5,164,3591.56,90.04,0,0,0,0
WELL_0454,Permian,Operator_C,606.67,1804.02,42.02,8,26,3400.61,96.19,0,0,0,1
WELL_0455,Bakken,Operator_B,616.93,1240.96,57.67,13,54,3463.49,106.38,0,0,0,1
WELL_0456,Eagle Ford,Operator_A,638.22,1090.4,79.46,11,28,3302.01,93.81,0,0,0,0
WELL_0457,Montney,Operator_B,564.87,1255.4,14.86,6,147,3493,93.12,0,0,0,1
WELL_0458,Bakken,Operator_A,483.29,795.86,25.6,8,24,3337.8,74.81,1,0,0,0
WELL_0459,Bakken,Operator_B,514.67,908.52,34.59,5,69,3277.19,63.69,0,0,0,0
WELL_0460,Eagle Ford,Operator_B,620.65,1560.12,36.64,8,62,3551.73,93.88,0,1,0,0
WELL_0461,Permian,Operator_C,418.31,1002.93,35.83,10,163,3542.55,89.05,0,1,0,0
WELL_0462,Eagle Ford,Operator_A,536.87,885.93,73.07,11,129,3656.57,84.85,0,1,1,0
WELL_0463,Permian,Operator_A,460.67,1361,58.55,8,149,3413.77,92.44,0,0,0,0
WELL_0464,Montney,Operator_C,502.87,1555.71,50.59,15,15,3581.61,89.4,0,0,0,0
WELL_0465,Bakken,Operator_C,627.85,1415.69,28.2,7,145,3610.16,101.28,1,1,0,0
WELL_0466,Montney,Operator_C,519.11,1498.81,66.78,12,99,3588.95,90.86,1,0,0,0
WELL_0467,Permian,Operator_C,504.64,972.96,76.63,10,29,3334.87,82.53,0,1,0,0
WELL_0468,Permian,Operator_A,364.01,773.46,66.59,9,44,3529.87,99.9,1,1,0,0
WELL_0469,Montney,Operator_A,574.63,1650.4,5.12,9,18,3572.83,87.83,0,0,1,0
WELL_0470,Permian,Operator_B,564.55,1103.2,52.73,9,33,3501.44,95.27,0,1,1,0
WELL_0471,Montney,Operator_B,716.33,1124.75,8.84,6,140,3082.7,85.23,0,0,0,0
WELL_0472,Bakken,Operator_C,469.22,1598.46,24.32,17,170,3532.1,83.5,0,0,0,0
WELL_0473,Montney,Operator_C,521.92,1366.87,9.46,11,61,3942.51,90.84,1,1,0,0
WELL_0474,Bakken,Operator_C,524.94,1336.77,50.28,10,117,3427.99,90.13,0,0,0,0
WELL_0475,Montney,Operator_B,657.75,1849.5,56.49,7,99,3354.38,94.8,0,1,0,1
WELL_0476,Permian,Operator_B,490.47,1006.94,13.59,9,21,3574.67,87.31,0,0,0,0
WELL_0477,Montney,Operator_B,527.9,1478.35,33.79,6,179,3562.48,71.64,0,0,0,0
WELL_0478,Permian,Operator_B,560.79,1217.1,39.22,7,179,3738.55,85.67,0,0,0,0
WELL_0479,Montney,Operator_B,518.66,1280.58,32.68,7,110,3248.43,97.94,0,1,0,1
WELL_0480,Montney,Operator_B,455.36,1658.54,14.08,13,163,3646.28,87.03,0,0,0,0
WELL_0481,Eagle Ford,Operator_B,519.41,1352.35,36.42,11,72,3618.08,87.54,0,0,0,0
WELL_0482,Permian,Operator_C,607.36,1361.49,61.34,9,146,3471.57,99.86,1,1,1,0
WELL_0483,Eagle Ford,Operator_C,397.35,1521.75,10.33,9,37,3567.74,82.88,0,0,0,0
WELL_0484,Permian,Operator_C,513.3,1090.51,11.01,10,69,3705.89,74.57,0,1,0,0
WELL_0485,Eagle Ford,Operator_C,429.99,948.24,31.61,13,115,3674.46,88.39,0,0,0,0
WELL_0486,Bakken,Operator_B,619.5,886.56,75.63,12,78,3271.4,85.16,0,1,0,0
WELL_0487,Montney,Operator_A,347.68,610.09,55.14,7,147,3664.03,80.34,0,1,0,0
WELL_0488,Permian,Operator_B,444.11,1816.86,55.9,13,8,3487.06,88.25,0,0,0,0
WELL_0489,Permian,Operator_A,537.72,869.04,32.14,12,31,3514.57,94.92,1,0,0,0
WELL_0490,Montney,Operator_C,656.55,1133.62,49.52,10,131,3514.64,89.91,0,1,1,0
WELL_0491,Permian,Operator_B,493.42,1116.96,5.76,5,49,3469.95,93.07,1,0,0,0
WELL_0492,Permian,Operator_C,444.48,1292.22,52.71,15,81,3738.34,108.13,1,1,0,1
WELL_0493,Eagle Ford,Operator_B,688.12,1444.72,73.5,8,4,3483.26,86.57,0,0,0,0
WELL_0494,Permian,Operator_C,355.2,1458.14,50.94,10,147,3276.09,92.78,0,0,0,0
WELL_0495,Bakken,Operator_A,280.12,1025.08,70.53,13,86,3421.29,84.91,0,0,0,0
WELL_0496,Bakken,Operator_A,544,1149.86,59.3,10,125,3535.74,81.54,1,1,0,0
WELL_0497,Montney,Operator_A,449.79,1284.77,14.04,13,74,3745.84,84.15,1,0,0,0
WELL_0498,Permian,Operator_B,397.88,1125.39,72.68,13,164,3620.62,85.21,0,1,0,0
WELL_0499,Montney,Operator_A,570.84,1682.2,9.98,8,21,3329.89,93.59,0,1,0,1